Parameter,Baseline,Investment,Taste,HELOC
α_ϵ,0.7772958209091876,0.7666374067814026,0.7610985333840108,0.7191519055589966
α_ζ,0.23032866585899847,0.2548906618249568,0.25671985939640085,0.25468240661416774
