Parameter,BPP,True
α_ϵ,0.8253399332391678,0.8162461662509389
α_ζ,0.2322920733936119,0.2681128199510595
